[
  {
    "id": 1,
    "nombre": "Manicura Francesa",
    "precio": 20,
    "duracion": "30 minutos",
    "imagen": "img/manicura-francesa.jpg"
  },
  {
    "id": 2,
    "nombre": "Esmaltado Semipermanente",
    "precio": 25,
    "duracion": "45 minutos",
    "imagen": "img/esmaltado-semipermanente.jpg"
  },
  {
    "id": 3,
    "nombre": "Esmaltado Permanente",
    "precio": 30,
    "duracion": "60 minutos",
    "imagen": "img/esmaltado-permanente.jpg"
  },
  {
    "id": 4,
    "nombre": "Decoración de Uñas",
    "precio": 35,
    "duracion": "20 minutos",
    "imagen": "img/decoracion.jpg"
  }
]
